k,i,j,iseg,ireach,rchlen,strtop,slope,strthick,strhc1
0,0,27,1,1,53,288.9271,0.037,1,5
0,0,28,1,2,104,288.8542,0.037,1,5
0,0,29,1,3,104,288.7578,0.037,1,5
0,0,30,1,4,104,288.6614,0.037,1,5
0,0,31,1,5,1,288.6124,0.037,1,5
0,1,31,1,6,103,288.5642,0.037,1,5
0,1,32,1,7,103,288.4686,0.037,1,5
0,1,33,1,8,104,288.3723,0.037,1,5
0,1,34,1,9,57,288.2977,0.037,1,5
0,2,34,1,10,47,288.2495,0.037,1,5
0,2,35,1,11,104,288.1795,0.037,1,5
0,2,36,1,12,104,288.0831,0.037,1,5
0,2,37,1,13,104,287.9867,0.037,1,5
0,2,38,1,14,8,287.9349,0.037,1,5
0,3,38,1,15,96,287.8867,0.037,1,5
0,3,39,1,16,104,287.7939,0.037,1,5
0,3,40,1,17,104,287.6976,0.037,1,5
0,3,41,1,18,63,287.6202,0.037,1,5
0,4,41,1,19,41,287.572,0.037,1,5
0,4,42,1,20,104,287.5048,0.037,1,5
0,4,43,1,21,104,287.4084,0.037,1,5
0,4,44,1,22,104,287.312,0.037,1,5
0,4,45,1,23,14,287.2574,0.037,1,5
0,5,45,1,24,90,287.2091,0.037,1,5
0,5,46,1,25,104,287.1193,0.037,1,5
0,5,47,1,26,104,287.0229,0.037,1,5
0,5,48,1,27,69,286.9427,0.037,1,5
0,6,48,1,28,34,286.8945,0.037,1,5
0,6,49,1,29,105,286.8367,0.037,1,5
0,6,50,1,30,105,286.7321,0.037,1,5
0,6,51,1,31,80,286.6462,0.037,1,5
0,7,51,1,32,26,286.5973,0.037,1,5
0,7,52,1,33,105,286.5366,0.037,1,5
0,7,53,1,34,106,286.4388,0.037,1,5
0,7,54,1,35,79,286.3529,0.037,1,5
0,8,54,1,36,26,286.304,0.037,1,5
0,8,55,1,37,105,286.2433,0.037,1,5
0,8,56,1,38,106,286.1456,0.037,1,5
0,8,57,1,39,80,286.0597,0.037,1,5
0,9,57,1,40,25,286.0108,0.037,1,5
0,9,58,1,41,106,285.9501,0.037,1,5
0,9,59,1,42,105,285.8523,0.037,1,5
0,9,60,1,43,80,285.7664,0.037,1,5
0,10,60,1,44,25,285.7176,0.037,1,5
0,10,61,1,45,106,285.6568,0.037,1,5
0,10,62,1,46,105,285.5591,0.037,1,5
0,10,63,1,47,80,285.4732,0.037,1,5
0,11,63,1,48,26,285.4243,0.037,1,5
0,11,64,1,49,107,285.3499,0.037,1,5
0,11,65,1,50,84,285.2733,0.037,1,5
0,12,65,1,51,46,285.2133,0.037,1,5
0,12,66,1,52,112,285.1402,0.037,1,5
0,13,66,1,53,17,285.0802,0.037,1,5
0,13,67,1,54,129,285.0124,0.037,1,5
0,13,68,1,55,12,284.9472,0.037,1,5
0,14,68,1,56,118,284.8872,0.037,1,5
0,14,69,1,57,39,284.8141,0.037,1,5
0,15,69,1,58,90,284.7541,0.037,1,5
0,15,70,1,59,68,284.681,0.037,1,5
0,16,70,1,60,61,284.621,0.037,1,5
0,16,71,1,61,97,284.5479,0.037,1,5
0,17,71,1,62,33,284.488,0.037,1,5
0,17,72,1,63,124,284.4149,0.037,1,5
0,18,72,1,64,5,284.3549,0.037,1,5
0,18,73,1,65,129,284.2927,0.037,1,5
0,18,74,1,66,24,284.2218,0.037,1,5
0,19,74,1,67,106,284.1618,0.037,1,5
0,19,75,1,68,52,284.0887,0.037,1,5
0,20,75,1,69,77,284.0287,0.037,1,5
0,20,76,1,70,80,283.9557,0.037,1,5
0,21,76,1,71,50,283.8957,0.037,1,5
0,21,77,1,72,108,283.8226,0.037,1,5
0,22,77,1,73,21,283.7626,0.037,1,5
0,22,78,1,74,129,283.6929,0.037,1,5
0,22,79,1,75,8,283.6295,0.037,1,5
0,23,79,1,76,114,283.5773,0.037,1,5
0,23,80,1,77,64,283.4897,0.037,1,5
0,24,80,1,78,54,283.4348,0.037,1,5
0,24,81,1,79,119,283.3545,0.037,1,5
0,24,82,1,80,14,283.2933,0.037,1,5
0,25,82,1,81,104,283.2384,0.037,1,5
0,25,83,1,82,82,283.1518,0.037,1,5
0,26,83,1,83,37,283.0969,0.037,1,5
0,26,84,1,84,118,283.0251,0.037,1,5
0,26,85,1,85,32,282.9554,0.037,1,5
0,27,85,1,86,86,282.9005,0.037,1,5
0,27,86,1,87,101,282.8139,0.037,1,5
0,28,86,1,88,18,282.759,0.037,1,5
0,28,87,1,89,118,282.6958,0.037,1,5
0,28,88,1,90,51,282.6175,0.037,1,5
0,29,88,1,91,68,282.5626,0.037,1,5
0,29,89,1,92,118,282.4762,0.037,1,5
0,29,90,1,93,1,282.4211,0.037,1,5
0,30,90,1,94,117,282.3662,0.037,1,5
0,30,91,1,95,69,282.2796,0.037,1,5
0,31,91,1,96,50,282.2247,0.037,1,5
0,31,92,1,97,118,282.1468,0.037,1,5
0,31,93,1,98,19,282.0832,0.037,1,5
0,32,93,1,99,100,282.0283,0.037,1,5
0,32,94,1,100,87,281.9417,0.037,1,5
0,33,94,1,101,31,281.8868,0.037,1,5
0,33,95,1,102,118,281.8174,0.037,1,5
0,33,96,1,103,38,281.7453,0.037,1,5
0,34,96,1,104,81,281.6904,0.037,1,5
0,34,97,1,105,105,281.6038,0.037,1,5
0,35,97,1,106,13,281.5489,0.037,1,5
0,35,98,1,107,119,281.4881,0.037,1,5
0,35,99,1,108,55,281.4073,0.037,1,5
0,36,99,1,109,63,281.3524,0.037,1,5
0,36,100,1,110,118,281.2685,0.037,1,5
0,36,101,1,111,6,281.2109,0.037,1,5
0,37,101,1,112,113,281.156,0.037,1,5
0,37,102,1,113,74,281.0694,0.037,1,5
0,38,102,1,114,44,281.0145,0.037,1,5
0,38,103,1,115,119,280.9391,0.037,1,5
0,38,104,1,116,24,280.873,0.037,1,5
0,39,104,1,117,94,280.8181,0.037,1,5
0,39,105,1,118,92,280.7174,0.037,1,5
0,40,105,1,119,23,280.6776,0.037,1,5
0,40,106,1,120,106,280.6177,0.037,1,5
0,40,107,1,121,107,280.5189,0.037,1,5
0,40,108,1,122,53,280.4448,0.037,1,5
0,41,108,1,123,54,280.3954,0.037,1,5
0,41,109,1,124,106,280.3212,0.037,1,5
0,41,110,1,125,107,280.2223,0.037,1,5
0,41,111,1,126,22,280.1626,0.037,1,5
0,42,111,1,127,84,280.1132,0.037,1,5
0,42,112,1,128,107,280.0246,0.037,1,5
0,42,113,1,129,98,279.9299,0.037,1,5
0,43,113,1,130,8,279.8804,0.037,1,5
0,43,114,1,131,107,279.8269,0.037,1,5
0,43,115,1,132,107,279.7281,0.037,1,5
0,43,116,1,133,67,279.6477,0.037,1,5
0,44,116,1,134,39,279.5982,0.037,1,5
0,44,117,1,135,107,279.5304,0.037,1,5
0,44,118,1,136,106,279.4315,0.037,1,5
0,44,119,1,137,36,279.3655,0.037,1,5
0,45,119,1,138,71,279.316,0.037,1,5
0,45,120,1,139,107,279.2339,0.037,1,5
0,45,121,1,140,106,279.135,0.037,1,5
0,45,122,1,141,5,279.0833,0.037,1,5
0,46,122,1,142,102,279.0338,0.037,1,5
0,46,123,1,143,106,278.9373,0.037,1,5
0,46,124,1,144,81,278.8505,0.037,1,5
0,47,124,1,145,26,278.8011,0.037,1,5
0,47,125,1,146,107,278.7396,0.037,1,5
0,47,126,1,147,106,278.6408,0.037,1,5
0,47,127,1,148,50,278.5683,0.037,1,5
0,48,127,1,149,57,278.5189,0.037,1,5
0,48,128,1,150,106,278.4431,0.037,1,5
0,48,129,1,151,107,278.3442,0.037,1,5
0,48,130,1,152,19,278.2861,0.037,1,5
0,49,130,1,153,88,278.2367,0.037,1,5
0,49,131,1,154,106,278.1465,0.037,1,5
0,49,132,1,155,95,278.0533,0.037,1,5
0,50,132,1,156,12,278.0039,0.037,1,5
0,50,133,1,157,106,277.9488,0.037,1,5
0,50,134,1,158,107,277.85,0.037,1,5
0,50,135,1,159,63,277.7711,0.037,1,5
0,51,135,1,160,44,277.7217,0.037,1,5
0,51,136,1,161,106,277.6361,0.037,1,5
0,51,137,1,162,108,277.5526,0.037,1,5
0,52,137,1,163,3,277.5009,0.037,1,5
0,52,138,1,164,112,277.4477,0.037,1,5
0,52,139,1,165,111,277.3445,0.037,1,5
0,53,139,1,166,1,277.2928,0.037,1,5
0,53,140,1,167,112,277.2408,0.037,1,5
0,53,141,1,168,111,277.1373,0.037,1,5
0,53,142,1,169,2,277.0847,0.037,1,5
0,54,142,1,170,110,277.033,0.037,1,5
0,54,143,1,171,112,276.9305,0.037,1,5
0,54,144,1,172,4,276.8765,0.037,1,5
0,55,144,1,173,107,276.8249,0.037,1,5
0,55,145,1,174,112,276.7235,0.037,1,5
0,55,146,1,175,7,276.6685,0.037,1,5
0,56,146,1,176,104,276.6168,0.037,1,5
0,56,147,1,177,112,276.5167,0.037,1,5
0,56,148,1,178,9,276.4604,0.037,1,5
0,57,148,1,179,102,276.4087,0.037,1,5
0,57,149,1,180,112,276.3098,0.037,1,5
0,57,150,1,181,12,276.2523,0.037,1,5
0,58,150,1,182,99,276.2006,0.037,1,5
0,58,151,1,183,112,276.1029,0.037,1,5
0,58,152,1,184,15,276.0443,0.037,1,5
0,59,152,1,185,96,275.9925,0.037,1,5
0,59,153,1,186,112,275.896,0.037,1,5
0,59,154,1,187,18,275.8362,0.037,1,5
0,60,154,1,188,94,275.7844,0.037,1,5
0,60,155,1,189,111,275.6891,0.037,1,5
0,60,156,1,190,20,275.6281,0.037,1,5
0,61,156,1,191,92,275.5763,0.037,1,5
0,61,157,1,192,111,275.4822,0.037,1,5
0,61,158,1,193,23,275.42,0.037,1,5
0,62,158,1,194,89,275.3683,0.037,1,5
0,62,159,1,195,111,275.2754,0.037,1,5
0,62,160,1,196,26,275.2119,0.037,1,5
0,63,160,1,197,86,275.1602,0.037,1,5
0,63,161,1,198,111,275.0685,0.037,1,5
0,63,162,1,199,28,275.0038,0.037,1,5
0,64,162,1,200,84,274.9521,0.037,1,5
0,64,163,1,201,111,274.8616,0.037,1,5
0,64,164,1,202,31,274.7957,0.037,1,5
0,65,164,1,203,81,274.744,0.037,1,5
0,65,165,1,204,112,274.6547,0.037,1,5
0,65,166,1,205,33,274.5876,0.037,1,5
0,66,166,1,206,78,274.5359,0.037,1,5
0,66,167,1,207,112,274.4478,0.037,1,5
0,66,168,1,208,35,274.3795,0.037,1,5
0,67,168,1,209,76,274.3278,0.037,1,5
0,67,169,1,210,92,274.253,0.037,1,5
0,68,169,1,211,92,274.1641,0.037,1,5
0,68,170,1,212,21,274.112,0.037,1,5
0,69,170,1,213,112,274.0505,0.037,1,5
0,70,170,1,214,87,273.9582,0.037,1,5
0,70,171,1,215,25,273.9061,0.037,1,5
0,71,171,1,216,113,273.8421,0.037,1,5
0,72,171,1,217,81,273.7523,0.037,1,5
0,72,172,1,218,31,273.7002,0.037,1,5
0,73,172,1,219,112,273.6337,0.037,1,5
0,74,172,1,220,76,273.5464,0.037,1,5
0,74,173,1,221,37,273.4943,0.037,1,5
0,75,173,1,222,112,273.4254,0.037,1,5
0,76,173,1,223,71,273.3405,0.037,1,5
0,76,174,1,224,41,273.2884,0.037,1,5
0,77,174,1,225,113,273.217,0.037,1,5
0,110,138,2,1,126,276.9703,0.037,1,5
0,110,139,2,2,180,276.9491,0.037,1,5
0,109,139,2,3,198,276.9045,0.037,1,5
0,109,140,2,4,294,276.8466,0.037,1,5
0,108,140,2,5,84,276.802,0.037,1,5
0,108,141,2,6,379,276.7475,0.037,1,5
0,108,142,2,7,29,276.6995,0.037,1,5
0,107,142,2,8,349,276.6549,0.037,1,5
0,107,143,2,9,143,276.597,0.037,1,5
0,106,143,2,10,236,276.5524,0.037,1,5
0,106,144,2,11,256,276.4945,0.037,1,5
0,105,144,2,12,122,276.4499,0.037,1,5
0,105,145,2,13,370,276.3919,0.037,1,5
0,104,145,2,14,9,276.3474,0.037,1,5
0,104,146,2,15,378,276.3018,0.037,1,5
0,104,147,2,16,105,276.2449,0.037,1,5
0,103,147,2,17,274,276.2003,0.037,1,5
0,103,148,2,18,218,276.1424,0.037,1,5
0,102,148,2,19,199,276.0987,0.037,1,5
0,102,149,2,20,186,276.0478,0.037,1,5
0,101,149,2,21,306,275.9899,0.037,1,5
0,101,150,2,22,73,275.9453,0.037,1,5
0,100,150,2,23,378,275.8922,0.037,1,5
0,99,150,2,24,41,275.8428,0.037,1,5
0,99,151,2,25,338,275.7982,0.037,1,5
0,98,151,2,26,154,275.7403,0.037,1,5
0,98,152,2,27,224,275.6957,0.037,1,5
0,97,152,2,28,268,275.6378,0.037,1,5
0,97,153,2,29,111,275.5932,0.037,1,5
0,96,153,2,30,378,275.5356,0.037,1,5
0,95,153,2,31,3,275.4907,0.037,1,5
0,95,154,2,32,376,275.4461,0.037,1,5
0,94,154,2,33,116,275.3882,0.037,1,5
0,94,155,2,34,262,275.3436,0.037,1,5
0,93,155,2,35,230,275.2856,0.037,1,5
0,93,156,2,36,148,275.2411,0.037,1,5
0,92,156,2,37,344,275.1831,0.037,1,5
0,92,157,2,38,35,275.1386,0.037,1,5
0,91,157,2,39,378,275.0899,0.037,1,5
0,90,157,2,40,79,275.0361,0.037,1,5
0,90,158,2,41,300,274.9915,0.037,1,5
0,89,158,2,42,192,274.9336,0.037,1,5
0,89,159,2,43,186,274.889,0.037,1,5
0,88,159,2,44,306,274.8311,0.037,1,5
0,88,160,2,45,73,274.7865,0.037,1,5
0,87,160,2,46,288,274.754,0.037,1,5
0,87,161,2,47,333,274.6707,0.037,1,5
0,87,162,2,48,58,274.6247,0.037,1,5
0,86,162,2,49,275,274.5855,0.037,1,5
0,86,163,2,50,333,274.5139,0.037,1,5
0,86,164,2,51,85,274.4647,0.037,1,5
0,85,164,2,52,247,274.4255,0.037,1,5
0,85,165,2,53,333,274.3572,0.037,1,5
0,85,166,2,54,113,274.3047,0.037,1,5
0,84,166,2,55,220,274.2655,0.037,1,5
0,84,167,2,56,333,274.2004,0.037,1,5
0,84,168,2,57,141,274.1447,0.037,1,5
0,83,168,2,58,191,274.1055,0.037,1,5
0,83,169,2,59,364,274.0338,0.037,1,5
0,83,170,2,60,30,273.9935,0.037,1,5
0,82,170,2,61,384,273.9448,0.037,1,5
0,81,170,2,62,66,273.8917,0.037,1,5
0,81,171,2,63,318,273.8465,0.037,1,5
0,80,171,2,64,162,273.7899,0.037,1,5
0,80,172,2,65,222,273.7447,0.037,1,5
0,79,172,2,66,259,273.6881,0.037,1,5
0,79,173,2,67,126,273.6429,0.037,1,5
0,78,173,2,68,354,273.5864,0.037,1,5
0,78,174,3,1,65,273.1346,0.037,1,5
0,78,175,3,2,47,273.0825,0.037,1,5
0,79,175,3,3,113,273.0086,0.037,1,5
0,80,175,3,4,60,272.9286,0.037,1,5
0,80,176,3,5,52,272.8766,0.037,1,5
0,81,176,3,6,112,272.8002,0.037,1,5
0,82,176,3,7,55,272.7228,0.037,1,5
0,82,177,3,8,78,272.6646,0.037,1,5
0,83,177,3,9,51,272.6006,0.037,1,5
0,83,178,3,10,118,272.5221,0.037,1,5
0,83,179,3,11,21,272.4579,0.037,1,5
0,84,179,3,12,96,272.4033,0.037,1,5
0,84,180,3,13,94,272.3151,0.037,1,5
0,85,180,3,14,24,272.2606,0.037,1,5
0,85,181,3,15,118,272.195,0.037,1,5
0,85,182,3,16,48,272.1179,0.037,1,5
0,86,182,3,17,69,272.0634,0.037,1,5
0,86,183,3,18,118,271.977,0.037,1,5
0,86,184,3,19,3,271.9207,0.037,1,5
0,87,184,3,20,114,271.8662,0.037,1,5
0,87,185,3,21,77,271.778,0.037,1,5
0,88,185,3,22,41,271.7235,0.037,1,5
0,88,186,3,23,117,271.65,0.037,1,5
0,88,187,3,24,32,271.5808,0.037,1,5
0,89,187,3,25,86,271.5263,0.037,1,5
0,89,188,3,26,104,271.4381,0.037,1,5
0,90,188,3,27,13,271.3836,0.037,1,5
0,90,189,3,28,118,271.3229,0.037,1,5
0,90,190,3,29,59,271.2409,0.037,1,5
0,91,190,3,30,59,271.1864,0.037,1,5
0,91,191,3,31,117,271.1049,0.037,1,5
0,91,192,3,32,15,271.0436,0.037,1,5
0,92,192,3,33,103,270.9891,0.037,1,5
0,1,267,4,1,103,279.9269,0.037,1,5
0,2,267,4,2,107,279.8491,0.037,1,5
0,3,267,4,3,62,279.7867,0.037,1,5
0,3,266,4,4,46,279.7469,0.037,1,5
0,4,266,4,5,108,279.6902,0.037,1,5
0,5,266,4,6,107,279.6107,0.037,1,5
0,6,266,4,7,11,279.567,0.037,1,5
0,6,265,4,8,97,279.5273,0.037,1,5
0,7,265,4,9,107,279.4518,0.037,1,5
0,8,265,4,10,68,279.3871,0.037,1,5
0,8,264,4,11,40,279.3473,0.037,1,5
0,9,264,4,12,107,279.2928,0.037,1,5
0,10,264,4,13,108,279.2133,0.037,1,5
0,11,264,4,14,16,279.1675,0.037,1,5
0,11,263,4,15,91,279.1277,0.037,1,5
0,12,263,4,16,108,279.0544,0.037,1,5
0,13,263,4,17,73,278.9875,0.037,1,5
0,13,262,4,18,34,278.9478,0.037,1,5
0,14,262,4,19,108,278.8954,0.037,1,5
0,15,262,4,20,107,278.816,0.037,1,5
0,16,262,4,21,23,278.7679,0.037,1,5
0,16,261,4,22,85,278.7282,0.037,1,5
0,17,261,4,23,108,278.657,0.037,1,5
0,18,261,4,24,79,278.588,0.037,1,5
0,18,260,4,25,28,278.5482,0.037,1,5
0,19,260,4,26,108,278.4981,0.037,1,5
0,20,260,4,27,107,278.4186,0.037,1,5
0,21,260,4,28,29,278.3683,0.037,1,5
0,21,259,4,29,79,278.3286,0.037,1,5
0,22,259,4,30,107,278.2597,0.037,1,5
0,23,259,4,31,86,278.1884,0.037,1,5
0,23,258,4,32,22,278.1487,0.037,1,5
0,24,258,4,33,107,278.1007,0.037,1,5
0,25,258,4,34,108,278.0212,0.037,1,5
0,26,258,4,35,34,277.9688,0.037,1,5
0,26,257,4,36,73,277.929,0.037,1,5
0,27,257,4,37,108,277.8623,0.037,1,5
0,28,257,4,38,91,277.7888,0.037,1,5
0,28,256,4,39,17,277.7491,0.037,1,5
0,29,256,4,40,107,277.7033,0.037,1,5
0,30,256,4,41,108,277.6239,0.037,1,5
0,31,255,4,42,67,277.5294,0.037,1,5
0,31,256,4,43,40,277.5,0.037,1,5
0,32,255,4,44,108,277.4649,0.037,1,5
0,33,255,4,45,97,277.3893,0.037,1,5
0,33,254,4,46,10,277.3495,0.037,1,5
0,34,254,4,47,121,277.3046,0.037,1,5
0,35,254,4,48,45,277.2391,0.037,1,5
0,35,253,4,49,88,277.1902,0.037,1,5
0,36,253,4,50,65,277.1338,0.037,1,5
0,36,252,4,51,67,277.0849,0.037,1,5
0,37,252,4,52,85,277.0284,0.037,1,5
0,37,251,4,53,47,276.9796,0.037,1,5
0,38,251,4,54,106,276.9232,0.037,1,5
0,38,250,4,55,27,276.8742,0.037,1,5
0,39,250,4,56,126,276.8178,0.037,1,5
0,39,249,4,57,6,276.7689,0.037,1,5
0,40,249,4,58,132,276.7178,0.037,1,5
0,41,249,4,59,14,276.6636,0.037,1,5
0,41,248,4,60,119,276.6147,0.037,1,5
0,42,248,4,61,34,276.5583,0.037,1,5
0,42,247,4,62,98,276.5094,0.037,1,5
0,43,247,4,63,55,276.453,0.037,1,5
0,43,246,4,64,77,276.4041,0.037,1,5
0,44,246,4,65,76,276.3477,0.037,1,5
0,44,245,4,66,57,276.2988,0.037,1,5
0,45,245,4,67,95,276.2424,0.037,1,5
0,45,244,4,68,37,276.1935,0.037,1,5
0,46,244,4,69,116,276.1371,0.037,1,5
0,46,243,4,70,16,276.0882,0.037,1,5
0,47,243,4,71,133,276.0332,0.037,1,5
0,48,242,4,72,128,275.9339,0.037,1,5
0,48,243,4,73,4,275.9,0.037,1,5
0,49,242,4,74,24,275.8775,0.037,1,5
0,49,241,4,75,108,275.8286,0.037,1,5
0,50,241,4,76,45,275.7722,0.037,1,5
0,50,240,4,77,88,275.7233,0.037,1,5
0,51,240,4,78,65,275.6669,0.037,1,5
0,51,239,4,79,67,275.618,0.037,1,5
0,52,239,4,80,85,275.5616,0.037,1,5
0,52,238,4,81,47,275.5127,0.037,1,5
0,53,238,4,82,106,275.4563,0.037,1,5
0,53,237,4,83,27,275.4074,0.037,1,5
0,54,237,4,84,126,275.351,0.037,1,5
0,54,236,4,85,6,275.3021,0.037,1,5
0,55,236,4,86,132,275.2509,0.037,1,5
0,56,236,4,87,14,275.1967,0.037,1,5
0,56,235,4,88,124,275.1409,0.037,1,5
0,57,235,4,89,18,275.0929,0.037,1,5
0,57,234,4,90,131,275.0381,0.037,1,5
0,57,233,4,91,7,274.9871,0.037,1,5
0,58,233,4,92,123,274.9389,0.037,1,5
0,58,232,4,93,33,274.8814,0.037,1,5
0,59,232,4,94,98,274.8332,0.037,1,5
0,59,231,4,95,57,274.7757,0.037,1,5
0,60,231,4,96,73,274.7274,0.037,1,5
0,60,230,4,97,83,274.67,0.037,1,5
0,61,230,4,98,48,274.6217,0.037,1,5
0,61,229,4,99,108,274.5642,0.037,1,5
0,62,229,4,100,22,274.516,0.037,1,5
0,62,228,4,101,131,274.4594,0.037,1,5
0,62,227,4,102,2,274.4103,0.037,1,5
0,63,227,4,103,128,274.3621,0.037,1,5
0,63,226,4,104,28,274.3046,0.037,1,5
0,64,226,4,105,103,274.2563,0.037,1,5
0,64,225,4,106,52,274.1988,0.037,1,5
0,65,225,4,107,78,274.1506,0.037,1,5
0,65,224,4,108,78,274.0931,0.037,1,5
0,66,224,4,109,53,274.0449,0.037,1,5
0,66,223,4,110,103,273.9874,0.037,1,5
0,67,223,4,111,27,273.9391,0.037,1,5
0,67,222,4,112,128,273.8817,0.037,1,5
0,68,222,4,113,3,273.8334,0.037,1,5
0,68,221,4,114,130,273.7843,0.037,1,5
0,68,220,4,115,23,273.7277,0.037,1,5
0,69,220,4,116,108,273.6795,0.037,1,5
0,69,219,4,117,47,273.622,0.037,1,5
0,70,219,4,118,83,273.5738,0.037,1,5
0,70,218,4,119,73,273.5163,0.037,1,5
0,71,218,4,120,58,273.468,0.037,1,5
0,71,217,4,121,98,273.4105,0.037,1,5
0,72,217,4,122,32,273.3623,0.037,1,5
0,72,216,4,123,123,273.3048,0.037,1,5
0,73,216,4,124,8,273.2566,0.037,1,5
0,73,215,4,125,130,273.2056,0.037,1,5
0,73,214,4,126,18,273.1508,0.037,1,5
0,74,214,4,127,113,273.1026,0.037,1,5
0,74,213,4,128,43,273.0451,0.037,1,5
0,75,213,4,129,87,272.9969,0.037,1,5
0,75,212,4,130,68,272.9394,0.037,1,5
0,76,212,4,131,63,272.8912,0.037,1,5
0,76,211,4,132,93,272.8337,0.037,1,5
0,77,211,4,133,37,272.7855,0.037,1,5
0,77,210,4,134,118,272.728,0.037,1,5
0,78,210,4,135,13,272.6797,0.037,1,5
0,78,209,4,136,130,272.6269,0.037,1,5
0,78,208,4,137,13,272.574,0.037,1,5
0,79,208,4,138,118,272.5258,0.037,1,5
0,79,207,4,139,38,272.4683,0.037,1,5
0,80,207,4,140,92,272.42,0.037,1,5
0,80,206,4,141,63,272.3625,0.037,1,5
0,81,206,4,142,68,272.3143,0.037,1,5
0,81,205,4,143,88,272.2568,0.037,1,5
0,82,205,4,144,42,272.2086,0.037,1,5
0,82,204,4,145,113,272.1511,0.037,1,5
0,83,204,4,146,18,272.1029,0.037,1,5
0,83,203,4,147,131,272.0482,0.037,1,5
0,83,202,4,148,7,271.9972,0.037,1,5
0,84,202,4,149,123,271.9489,0.037,1,5
0,84,201,4,150,33,271.8914,0.037,1,5
0,85,201,4,151,98,271.8432,0.037,1,5
0,85,200,4,152,56,271.7901,0.037,1,5
0,86,200,4,153,75,271.7372,0.037,1,5
0,86,199,4,154,78,271.6807,0.037,1,5
0,87,199,4,155,54,271.6319,0.037,1,5
0,87,198,4,156,99,271.5753,0.037,1,5
0,88,198,4,157,33,271.5265,0.037,1,5
0,88,197,4,158,120,271.47,0.037,1,5
0,89,197,4,159,12,271.4211,0.037,1,5
0,89,196,4,160,132,271.3677,0.037,1,5
0,89,195,4,161,9,271.3158,0.037,1,5
0,90,195,4,162,123,271.267,0.037,1,5
0,90,194,4,163,30,271.2104,0.037,1,5
0,91,194,4,164,102,271.1616,0.037,1,5
0,91,193,4,165,51,271.1051,0.037,1,5
0,92,193,5,1,87,270.9009,0.037,1,5
0,93,193,5,2,30,270.8464,0.037,1,5
0,93,194,5,3,118,270.7779,0.037,1,5
0,93,195,5,4,42,270.7037,0.037,1,5
0,94,195,5,5,75,270.6492,0.037,1,5
0,94,196,5,6,115,270.561,0.037,1,5
0,95,196,5,7,3,270.5065,0.037,1,5
0,95,197,5,8,117,270.4508,0.037,1,5
0,95,198,5,9,70,270.3638,0.037,1,5
0,96,198,5,10,48,270.3093,0.037,1,5
0,96,199,5,11,117,270.2328,0.037,1,5
0,96,200,5,12,26,270.1666,0.037,1,5
0,97,200,5,13,92,270.1121,0.037,1,5
0,97,201,5,14,98,270.0239,0.037,1,5
0,98,201,5,15,20,269.9694,0.037,1,5
0,98,202,5,16,117,269.9058,0.037,1,5
0,98,203,5,17,53,269.8267,0.037,1,5
0,99,203,5,18,65,269.7722,0.037,1,5
0,99,204,5,19,117,269.6877,0.037,1,5
0,99,205,5,20,8,269.6295,0.037,1,5
0,100,205,5,21,110,269.575,0.037,1,5
0,100,206,5,22,81,269.4868,0.037,1,5
0,101,206,5,23,36,269.4323,0.037,1,5
0,101,207,5,24,118,269.3607,0.037,1,5
0,101,208,5,25,36,269.2896,0.037,1,5
0,102,208,5,26,81,269.235,0.037,1,5
0,102,209,5,27,109,269.1468,0.037,1,5
0,103,209,5,28,9,269.0923,0.037,1,5
0,103,210,5,29,120,269.0436,0.037,1,5
0,104,210,5,30,58,268.9498,0.037,1,5
0,104,211,5,31,59,268.8956,0.037,1,5
0,105,211,5,32,117,268.8139,0.037,1,5
0,106,211,5,33,17,268.7518,0.037,1,5
0,106,212,5,34,100,268.6976,0.037,1,5
0,107,212,5,35,93,268.6081,0.037,1,5
0,107,213,5,36,24,268.5539,0.037,1,5
0,108,213,5,37,117,268.4887,0.037,1,5
0,109,213,5,38,52,268.4102,0.037,1,5
0,109,214,5,39,65,268.356,0.037,1,5
0,110,214,5,40,117,268.2719,0.037,1,5
0,111,214,5,41,11,268.2122,0.037,1,5
0,111,215,5,42,106,268.158,0.037,1,5
0,112,215,5,43,88,268.0685,0.037,1,5
0,112,216,5,44,28,268.0143,0.037,1,5
0,113,216,5,45,117,267.9467,0.037,1,5
0,114,216,5,46,48,267.8705,0.037,1,5
0,114,217,5,47,69,267.8163,0.037,1,5
0,115,217,5,48,117,267.7299,0.037,1,5
0,116,217,5,49,7,267.6726,0.037,1,5
0,116,218,5,50,110,267.6184,0.037,1,5
0,117,218,5,51,70,267.5347,0.037,1,5
0,117,219,5,52,60,267.4735,0.037,1,5
0,118,219,5,53,86,267.4057,0.037,1,5
0,118,220,5,54,52,267.3421,0.037,1,5
0,119,220,5,55,95,267.2744,0.037,1,5
0,119,221,5,56,42,267.2108,0.037,1,5
0,120,221,5,57,104,267.143,0.037,1,5
0,120,222,5,58,33,267.0795,0.037,1,5
0,121,222,5,59,113,267.0117,0.037,1,5
0,121,223,5,60,24,266.9481,0.037,1,5
0,122,223,5,61,122,266.8804,0.037,1,5
0,122,224,5,62,15,266.8168,0.037,1,5
0,123,224,5,63,131,266.749,0.037,1,5
0,123,225,5,64,6,266.6854,0.037,1,5
0,124,225,5,65,137,266.619,0.037,1,5
0,125,225,5,66,3,266.5541,0.037,1,5
0,125,226,5,67,135,266.4905,0.037,1,5
0,126,226,5,68,11,266.4227,0.037,1,5
0,126,227,5,69,126,266.3592,0.037,1,5
0,127,227,5,70,21,266.2914,0.037,1,5
0,127,228,5,71,116,266.2278,0.037,1,5
0,128,228,5,72,30,266.16,0.037,1,5
0,128,229,5,73,107,266.0965,0.037,1,5
0,129,229,5,74,39,266.0287,0.037,1,5
0,129,230,5,75,98,265.9651,0.037,1,5
0,130,230,5,76,48,265.8974,0.037,1,5
0,130,231,5,77,89,265.8338,0.037,1,5
0,131,231,5,78,57,265.766,0.037,1,5
0,131,232,5,79,80,265.7024,0.037,1,5
0,132,232,5,80,66,265.6347,0.037,1,5
0,132,233,5,81,72,265.5711,0.037,1,5
0,133,233,5,82,74,265.5033,0.037,1,5
0,133,234,5,83,63,265.4397,0.037,1,5
0,134,234,5,84,83,265.372,0.037,1,5
0,134,235,5,85,54,265.3084,0.037,1,5
0,135,235,5,86,93,265.2406,0.037,1,5
0,135,236,5,87,44,265.1771,0.037,1,5
0,136,236,5,88,102,265.1093,0.037,1,5
0,136,237,5,89,35,265.0457,0.037,1,5
0,137,237,5,90,111,264.9779,0.037,1,5
0,137,238,5,91,26,264.9144,0.037,1,5
0,138,238,5,92,120,264.8466,0.037,1,5
0,138,239,5,93,17,264.783,0.037,1,5
0,139,239,5,94,129,264.7153,0.037,1,5
0,139,240,5,95,9,264.6517,0.037,1,5
0,140,240,5,96,137,264.5842,0.037,1,5
0,141,240,5,97,1,264.5203,0.037,1,5
0,141,241,5,98,121,264.4635,0.037,1,5
0,142,241,5,99,76,264.372,0.037,1,5
0,142,242,5,100,35,264.3207,0.037,1,5
0,143,242,5,101,111,264.2531,0.037,1,5
0,144,242,5,102,88,264.1609,0.037,1,5
0,144,243,5,103,22,264.1096,0.037,1,5
0,145,243,5,104,111,264.048,0.037,1,5
0,146,243,5,105,101,263.9498,0.037,1,5
0,146,244,5,106,9,263.8985,0.037,1,5
0,147,244,5,107,111,263.8429,0.037,1,5
0,148,244,5,108,111,263.7403,0.037,1,5
0,149,244,5,109,3,263.6874,0.037,1,5
0,149,245,5,110,107,263.6362,0.037,1,5
0,150,245,5,111,111,263.5352,0.037,1,5
0,151,245,5,112,16,263.4763,0.037,1,5
0,151,246,5,113,94,263.4251,0.037,1,5
0,152,246,5,114,111,263.33,0.037,1,5
0,153,246,5,115,29,263.2653,0.037,1,5
0,153,247,5,116,82,263.214,0.037,1,5
0,154,247,5,117,110,263.1249,0.037,1,5
0,155,247,5,118,42,263.0542,0.037,1,5
0,155,248,5,119,69,263.0029,0.037,1,5
0,156,248,5,120,110,262.9198,0.037,1,5
0,157,248,5,121,55,262.8431,0.037,1,5
0,157,249,5,122,56,262.7918,0.037,1,5
0,158,249,5,123,111,262.7147,0.037,1,5
0,177,192,6,1,280,266.9537,0.037,1,5
0,177,193,6,2,223,266.9353,0.037,1,5
0,176,193,6,3,77,266.9105,0.037,1,5
0,176,194,6,4,301,266.8793,0.037,1,5
0,176,195,6,5,300,266.8298,0.037,1,5
0,176,196,6,6,300,266.7802,0.037,1,5
0,176,197,6,7,301,266.7306,0.037,1,5
0,176,198,6,8,300,266.681,0.037,1,5
0,176,199,6,9,301,266.6314,0.037,1,5
0,176,200,6,10,300,266.5819,0.037,1,5
0,176,201,6,11,300,266.5323,0.037,1,5
0,176,202,6,12,301,266.4827,0.037,1,5
0,176,203,6,13,300,266.4331,0.037,1,5
0,176,204,6,14,300,266.3835,0.037,1,5
0,176,205,6,15,301,266.334,0.037,1,5
0,176,206,6,16,300,266.2844,0.037,1,5
0,176,207,6,17,322,266.2347,0.037,1,5
0,176,208,6,18,10,266.2056,0.037,1,5
0,175,208,6,19,329,266.1776,0.037,1,5
0,175,209,6,20,312,266.1246,0.037,1,5
0,174,209,6,21,28,266.0966,0.037,1,5
0,174,210,6,22,339,266.0663,0.037,1,5
0,174,211,6,23,274,266.0157,0.037,1,5
0,173,211,6,24,66,265.9877,0.037,1,5
0,173,212,6,25,339,265.9543,0.037,1,5
0,173,213,6,26,236,265.9067,0.037,1,5
0,172,213,6,27,104,265.8787,0.037,1,5
0,172,214,6,28,339,265.8422,0.037,1,5
0,172,215,6,29,198,265.7978,0.037,1,5
0,171,215,6,30,142,265.7698,0.037,1,5
0,171,216,6,31,339,265.7301,0.037,1,5
0,171,217,6,32,161,265.6889,0.037,1,5
0,170,217,6,33,178,265.6609,0.037,1,5
0,170,218,6,34,340,265.6181,0.037,1,5
0,170,219,6,35,123,265.5799,0.037,1,5
0,169,219,6,36,216,265.5519,0.037,1,5
0,169,220,6,37,328,265.5067,0.037,1,5
0,169,221,6,38,211,265.4625,0.037,1,5
0,168,221,6,39,106,265.4363,0.037,1,5
0,168,222,6,40,317,265.4014,0.037,1,5
0,168,223,6,41,317,265.349,0.037,1,5
0,168,224,6,42,186,265.3075,0.037,1,5
0,167,224,6,43,131,265.2813,0.037,1,5
0,167,225,6,44,317,265.2444,0.037,1,5
0,167,226,6,45,317,265.192,0.037,1,5
0,167,227,6,46,162,265.1525,0.037,1,5
0,166,227,6,47,155,265.1263,0.037,1,5
0,166,228,6,48,317,265.0874,0.037,1,5
0,166,229,6,49,317,265.035,0.037,1,5
0,166,230,6,50,138,264.9975,0.037,1,5
0,165,230,6,51,179,264.9713,0.037,1,5
0,165,231,6,52,317,264.9304,0.037,1,5
0,165,232,6,53,318,264.878,0.037,1,5
0,165,233,6,54,113,264.8425,0.037,1,5
0,164,233,6,55,204,264.8163,0.037,1,5
0,164,234,6,56,317,264.7734,0.037,1,5
0,164,235,6,57,326,264.7276,0.037,1,5
0,164,236,6,58,3,264.693,0.037,1,5
0,163,236,6,59,326,264.6659,0.037,1,5
0,163,237,6,60,328,264.6119,0.037,1,5
0,163,238,6,61,84,264.5779,0.037,1,5
0,162,238,6,62,244,264.5508,0.037,1,5
0,162,239,6,63,328,264.5035,0.037,1,5
0,162,240,6,64,167,264.4627,0.037,1,5
0,161,240,6,65,162,264.4356,0.037,1,5
0,161,241,6,66,328,264.3951,0.037,1,5
0,161,242,6,67,249,264.3475,0.037,1,5
0,160,242,6,68,79,264.3205,0.037,1,5
0,160,243,6,69,329,264.2868,0.037,1,5
0,160,244,6,70,328,264.2326,0.037,1,5
0,160,245,6,71,2,264.2053,0.037,1,5
0,159,245,6,72,335,264.1784,0.037,1,5
0,159,246,6,73,297,264.1253,0.037,1,5
0,158,246,6,74,49,264.0968,0.037,1,5
0,158,247,6,75,390,264.0642,0.037,1,5
0,158,248,6,76,119,264.0262,0.037,1,5
0,157,247,6,77,52,264.0044,0.037,1,5
0,159,249,7,1,67,262.632,0.037,1,5
0,159,250,7,2,43,262.5807,0.037,1,5
0,160,250,7,3,111,262.5095,0.037,1,5
0,161,250,7,4,80,262.4209,0.037,1,5
0,161,251,7,5,30,262.3696,0.037,1,5
0,162,251,7,6,111,262.3044,0.037,1,5
0,163,251,7,7,94,262.2098,0.037,1,5
0,163,252,7,8,17,262.1585,0.037,1,5
0,164,252,7,9,110,262.0992,0.037,1,5
0,165,252,7,10,107,261.9987,0.037,1,5
0,165,253,7,11,4,261.9473,0.037,1,5
0,166,253,7,12,110,261.8941,0.037,1,5
0,167,253,7,13,111,261.7916,0.037,1,5
0,168,253,7,14,9,261.7363,0.037,1,5
0,168,254,7,15,102,261.685,0.037,1,5
0,169,254,7,16,110,261.5864,0.037,1,5
0,170,254,7,17,22,261.5252,0.037,1,5
0,170,255,7,18,89,261.4739,0.037,1,5
0,171,255,7,19,111,261.3813,0.037,1,5
0,172,255,7,20,34,261.3141,0.037,1,5
0,172,256,7,21,76,261.2628,0.037,1,5
0,173,256,7,22,111,261.1762,0.037,1,5
0,174,256,7,23,47,261.103,0.037,1,5
0,174,257,7,24,63,261.0517,0.037,1,5
0,175,257,7,25,107,260.98,0.037,1,5
0,176,257,7,26,102,260.8755,0.037,1,5
0,176,258,7,27,4,260.8262,0.037,1,5
0,177,258,7,28,107,260.7751,0.037,1,5
0,178,258,7,29,106,260.6767,0.037,1,5
0,179,258,7,30,82,260.5894,0.037,1,5
0,179,259,7,31,24,260.5402,0.037,1,5
0,180,259,7,32,106,260.4799,0.037,1,5
0,181,259,7,33,106,260.3815,0.037,1,5
0,182,259,7,34,62,260.3034,0.037,1,5
0,182,260,7,35,44,260.2542,0.037,1,5
0,183,260,7,36,106,260.1846,0.037,1,5
0,184,260,7,37,106,260.0862,0.037,1,5
0,185,260,7,38,43,260.0173,0.037,1,5
0,185,261,7,39,64,259.9681,0.037,1,5
0,186,261,7,40,106,259.8894,0.037,1,5
0,187,261,7,41,106,259.791,0.037,1,5
0,188,261,7,42,22,259.7313,0.037,1,5
0,188,262,7,43,84,259.6821,0.037,1,5
0,189,262,7,44,106,259.5941,0.037,1,5
0,190,262,7,45,106,259.4957,0.037,1,5
0,191,262,7,46,3,259.4453,0.037,1,5
0,191,263,7,47,103,259.3961,0.037,1,5
0,192,263,7,48,107,259.2988,0.037,1,5
0,193,263,7,49,88,259.2084,0.037,1,5
0,193,264,7,50,18,259.1592,0.037,1,5
0,194,264,7,51,106,259.102,0.037,1,5
0,195,264,7,52,106,259.0036,0.037,1,5
0,196,264,7,53,69,258.9224,0.037,1,5
0,196,265,7,54,37,258.8732,0.037,1,5
0,197,265,7,55,106,258.8067,0.037,1,5
0,198,265,7,56,106,258.7083,0.037,1,5
0,199,265,7,57,49,258.6364,0.037,1,5
0,199,266,7,58,57,258.5872,0.037,1,5
0,200,266,7,59,107,258.5115,0.037,1,5
0,201,266,7,60,106,258.4131,0.037,1,5
0,202,266,7,61,29,258.3503,0.037,1,5
0,202,267,7,62,77,258.3011,0.037,1,5
0,203,267,7,63,106,258.2162,0.037,1,5
0,204,267,7,64,106,258.1178,0.037,1,5
0,205,267,7,65,9,258.0643,0.037,1,5
0,205,268,7,66,97,258.0151,0.037,1,5
0,206,268,7,67,106,257.9209,0.037,1,5
0,207,268,7,68,96,257.8275,0.037,1,5
0,207,269,7,69,11,257.7783,0.037,1,5
0,208,269,7,70,103,257.7176,0.037,1,5
0,209,269,7,71,101,257.6298,0.037,1,5
0,210,269,7,72,100,257.5367,0.037,1,5
0,211,269,7,73,101,257.4435,0.037,1,5
0,212,269,7,74,100,257.3504,0.037,1,5
0,213,269,7,75,100,257.2573,0.037,1,5
0,214,269,7,76,101,257.1641,0.037,1,5
0,215,269,7,77,100,257.071,0.037,1,5
0,216,269,7,78,27,257.0118,0.037,1,5
0,216,270,7,79,74,256.9652,0.037,1,5
0,217,270,7,80,100,256.8847,0.037,1,5
0,218,270,7,81,101,256.7915,0.037,1,5
0,219,270,7,82,100,256.6984,0.037,1,5
0,220,270,7,83,101,256.6053,0.037,1,5
0,221,270,7,84,100,256.5121,0.037,1,5
0,222,270,7,85,100,256.419,0.037,1,5
0,223,270,7,86,101,256.3258,0.037,1,5
0,224,270,7,87,100,256.2327,0.037,1,5
0,225,270,7,88,101,256.1395,0.037,1,5
0,226,270,7,89,91,256.0507,0.037,1,5
0,226,271,7,90,9,256.0042,0.037,1,5
0,227,271,7,91,101,255.9532,0.037,1,5
0,228,271,7,92,100,255.8601,0.037,1,5
0,229,271,7,93,100,255.767,0.037,1,5
0,230,271,7,94,101,255.6738,0.037,1,5
0,231,271,7,95,100,255.5807,0.037,1,5
0,232,271,7,96,101,255.4875,0.037,1,5
0,233,271,7,97,100,255.3944,0.037,1,5
0,234,271,7,98,101,255.3013,0.037,1,5
0,235,271,7,99,100,255.2081,0.037,1,5
0,236,271,7,100,101,255.115,0.037,1,5
0,237,271,7,101,54,255.0431,0.037,1,5
0,237,272,7,102,46,254.9965,0.037,1,5
0,238,272,7,103,100,254.9287,0.037,1,5
0,239,272,7,104,101,254.8355,0.037,1,5
0,240,272,7,105,100,254.7424,0.037,1,5
0,241,272,7,106,101,254.6492,0.037,1,5
0,242,272,7,107,100,254.5561,0.037,1,5
0,243,272,7,108,101,254.463,0.037,1,5
0,244,272,7,109,100,254.3698,0.037,1,5
0,245,272,7,110,101,254.2767,0.037,1,5
0,246,272,7,111,100,254.1835,0.037,1,5
0,247,272,7,112,100,254.0904,0.037,1,5
0,248,272,7,113,18,254.0355,0.037,1,5
0,248,273,7,114,83,253.9889,0.037,1,5
0,249,273,7,115,100,253.9041,0.037,1,5
0,250,273,7,116,101,253.811,0.037,1,5
0,251,273,7,117,100,253.7178,0.037,1,5
0,252,273,7,118,107,253.632,0.037,1,5
0,253,273,7,119,70,253.5396,0.037,1,5
0,253,274,7,120,39,253.4891,0.037,1,5
0,254,274,7,121,109,253.4202,0.037,1,5
0,255,274,7,122,104,253.3217,0.037,1,5
0,255,275,7,123,5,253.2712,0.037,1,5
0,256,275,7,124,109,253.2182,0.037,1,5
0,257,275,7,125,109,253.1172,0.037,1,5
0,258,275,7,126,29,253.0532,0.037,1,5
0,258,276,7,127,80,253.0027,0.037,1,5
0,259,276,7,128,109,252.9152,0.037,1,5
0,260,276,7,129,63,252.8352,0.037,1,5
0,260,277,7,130,46,252.7847,0.037,1,5
0,261,277,7,131,109,252.7132,0.037,1,5
0,262,277,7,132,98,252.6172,0.037,1,5
0,262,278,7,133,10,252.5667,0.037,1,5
0,263,278,7,134,109,252.5112,0.037,1,5
0,264,278,7,135,109,252.4101,0.037,1,5
0,265,278,7,136,24,252.3488,0.037,1,5
0,265,279,7,137,85,252.2983,0.037,1,5
0,266,279,7,138,109,252.2081,0.037,1,5
0,267,279,7,139,58,252.1308,0.037,1,5
0,267,280,7,140,51,252.0803,0.037,1,5
0,268,280,7,141,105,252.0058,0.037,1,5
0,269,280,7,142,100,251.9129,0.037,1,5
0,270,280,7,143,100,251.8201,0.037,1,5
0,271,280,7,144,100,251.7272,0.037,1,5
0,272,280,7,145,100,251.6344,0.037,1,5
0,273,280,7,146,100,251.5416,0.037,1,5
0,274,280,7,147,101,251.4487,0.037,1,5
0,275,280,7,148,100,251.3559,0.037,1,5
0,276,280,7,149,100,251.2631,0.037,1,5
0,277,280,7,150,100,251.1702,0.037,1,5
0,278,280,7,151,100,251.0774,0.037,1,5
0,279,280,7,152,100,250.9846,0.037,1,5
0,280,280,7,153,71,250.905,0.037,1,5
0,280,281,7,154,29,250.8586,0.037,1,5
0,281,281,7,155,100,250.7989,0.037,1,5
0,282,281,7,156,100,250.7061,0.037,1,5
0,283,281,7,157,101,250.6132,0.037,1,5
0,284,281,7,158,100,250.5204,0.037,1,5
0,285,281,7,159,100,250.4276,0.037,1,5
0,286,281,7,160,100,250.3347,0.037,1,5
0,287,281,7,161,100,250.2419,0.037,1,5
0,288,281,7,162,100,250.1491,0.037,1,5
0,289,281,7,163,100,250.0562,0.037,1,5
0,290,281,7,164,100,249.9634,0.037,1,5
0,291,281,7,165,100,249.8706,0.037,1,5
0,292,281,7,166,100,249.7715,0.037,1,5
0,293,281,7,167,100,249.6849,0.037,1,5
0,294,281,7,168,101,249.5921,0.037,1,5
0,295,281,7,169,100,249.4993,0.037,1,5
0,296,281,7,170,100,249.4064,0.037,1,5
0,297,281,7,171,100,249.3136,0.037,1,5
0,298,281,7,172,100,249.2207,0.037,1,5
0,299,281,7,173,100,249.1279,0.037,1,5
0,69,59,8,1,36,273.9889,0.037,1,5
0,70,59,8,2,366,273.9329,0.037,1,5
0,71,59,8,3,45,273.8701,0.037,1,5
0,71,60,8,4,321,273.8141,0.037,1,5
0,72,60,8,5,202,273.7341,0.037,1,5
0,72,61,8,6,164,273.6781,0.037,1,5
0,73,61,8,7,359,273.5981,0.037,1,5
0,73,62,8,8,8,273.5421,0.037,1,5
0,74,62,8,9,366,273.4851,0.037,1,5
0,75,62,8,10,150,273.4062,0.037,1,5
0,75,63,8,11,216,273.3502,0.037,1,5
0,76,63,8,12,307,273.2702,0.037,1,5
0,76,64,8,13,59,273.2142,0.037,1,5
0,77,64,8,14,366,273.1492,0.037,1,5
0,78,64,8,15,98,273.0783,0.037,1,5
0,78,65,8,16,269,273.0223,0.037,1,5
0,79,65,8,17,254,272.9423,0.037,1,5
0,79,66,8,18,112,272.8864,0.037,1,5
0,80,66,8,19,366,272.8133,0.037,1,5
0,81,66,8,20,45,272.7504,0.037,1,5
0,81,67,8,21,321,272.6944,0.037,1,5
0,82,67,8,22,202,272.6144,0.037,1,5
0,82,68,8,23,164,272.5584,0.037,1,5
0,83,68,8,24,359,272.4785,0.037,1,5
0,83,69,8,25,7,272.4225,0.037,1,5
0,84,69,8,26,367,272.3654,0.037,1,5
0,85,69,8,27,150,272.2865,0.037,1,5
0,85,70,8,28,216,272.2305,0.037,1,5
0,86,70,8,29,307,272.1506,0.037,1,5
0,86,71,8,30,59,272.0946,0.037,1,5
0,87,71,8,31,366,272.0295,0.037,1,5
0,88,71,8,32,98,271.9586,0.037,1,5
0,88,72,8,33,268,271.9026,0.037,1,5
0,89,72,8,34,255,271.8227,0.037,1,5
0,89,73,8,35,112,271.7667,0.037,1,5
0,90,73,8,36,366,271.6936,0.037,1,5
0,91,73,8,37,45,271.6307,0.037,1,5
0,91,74,8,38,321,271.5747,0.037,1,5
0,92,74,8,39,202,271.4948,0.037,1,5
0,92,75,8,40,164,271.4388,0.037,1,5
0,93,75,8,41,359,271.3588,0.037,1,5
0,93,76,8,42,7,271.3028,0.037,1,5
0,94,76,8,43,367,271.2457,0.037,1,5
0,95,76,8,44,149,271.1669,0.037,1,5
0,95,77,8,45,217,271.1109,0.037,1,5
0,96,77,8,46,313,271.0162,0.037,1,5
0,96,78,8,47,44,270.9751,0.037,1,5
0,97,78,8,48,328,270.9182,0.037,1,5
0,98,78,8,49,328,270.818,0.037,1,5
0,99,78,8,50,46,270.7608,0.037,1,5
0,99,79,8,51,281,270.7107,0.037,1,5
0,100,79,8,52,328,270.6176,0.037,1,5
0,101,79,8,53,137,270.5466,0.037,1,5
0,101,80,8,54,191,270.4965,0.037,1,5
0,102,80,8,55,327,270.4173,0.037,1,5
0,103,80,8,56,228,270.3323,0.037,1,5
0,103,81,8,57,100,270.2823,0.037,1,5
0,104,81,8,58,328,270.2169,0.037,1,5
0,105,81,8,59,318,270.1181,0.037,1,5
0,105,82,8,60,9,270.068,0.037,1,5
0,106,82,8,61,328,270.0165,0.037,1,5
0,107,82,8,62,328,269.9164,0.037,1,5
0,108,82,8,63,81,269.8538,0.037,1,5
0,108,83,8,64,246,269.8037,0.037,1,5
0,109,83,8,65,328,269.716,0.037,1,5
0,110,83,8,66,172,269.6396,0.037,1,5
0,110,84,8,67,156,269.5894,0.037,1,5
0,111,84,8,68,327,269.5156,0.037,1,5
0,112,84,8,69,263,269.4253,0.037,1,5
0,112,85,8,70,65,269.3752,0.037,1,5
0,113,85,8,71,328,269.3152,0.037,1,5
0,114,85,8,72,327,269.2151,0.037,1,5
0,115,85,8,73,26,269.161,0.037,1,5
0,115,86,8,74,302,269.1109,0.037,1,5
0,116,86,8,75,328,269.0147,0.037,1,5
0,117,86,8,76,116,268.9467,0.037,1,5
0,117,87,8,77,211,268.8966,0.037,1,5
0,118,87,8,78,328,268.8143,0.037,1,5
0,119,87,8,79,207,268.7325,0.037,1,5
0,119,88,8,80,121,268.6824,0.037,1,5
0,120,88,8,81,327,268.614,0.037,1,5
0,121,88,8,82,299,268.5182,0.037,1,5
0,121,89,8,83,29,268.4682,0.037,1,5
0,122,89,8,84,328,268.4136,0.037,1,5
0,123,89,8,85,327,268.3134,0.037,1,5
0,124,89,8,86,62,268.2539,0.037,1,5
0,124,90,8,87,266,268.2039,0.037,1,5
0,125,90,8,88,327,268.113,0.037,1,5
0,126,90,8,89,153,268.0397,0.037,1,5
0,126,91,8,90,175,267.9896,0.037,1,5
0,127,91,8,91,328,267.9127,0.037,1,5
0,128,91,8,92,243,267.8255,0.037,1,5
0,128,92,8,93,84,267.7754,0.037,1,5
0,129,92,8,94,328,267.7123,0.037,1,5
0,130,92,8,95,328,267.6121,0.037,1,5
0,131,92,8,96,6,267.5611,0.037,1,5
0,131,93,8,97,321,267.511,0.037,1,5
0,132,93,8,98,328,267.4118,0.037,1,5
0,133,93,8,99,97,267.3469,0.037,1,5
0,133,94,8,100,231,267.2968,0.037,1,5
0,134,94,8,101,327,267.2114,0.037,1,5
0,135,94,8,102,188,267.1327,0.037,1,5
0,135,95,8,103,140,267.0826,0.037,1,5
0,136,95,8,104,328,267.011,0.037,1,5
0,137,95,8,105,278,266.9184,0.037,1,5
0,137,96,8,106,49,266.8683,0.037,1,5
0,138,96,8,107,328,266.8107,0.037,1,5
0,139,96,8,108,328,266.7105,0.037,1,5
0,140,96,8,109,41,266.6541,0.037,1,5
0,140,97,8,110,286,266.604,0.037,1,5
0,141,97,8,111,328,266.5101,0.037,1,5
0,142,97,8,112,132,266.4398,0.037,1,5
0,142,98,8,113,196,266.3898,0.037,1,5
0,143,98,8,114,327,266.3098,0.037,1,5
0,144,98,8,115,223,266.2256,0.037,1,5
0,144,99,8,116,105,266.1755,0.037,1,5
0,145,99,8,117,328,266.1094,0.037,1,5
0,146,99,8,118,313,266.0114,0.037,1,5
0,146,100,8,119,14,265.9613,0.037,1,5
0,147,100,8,120,328,265.909,0.037,1,5
0,148,100,8,121,328,265.8088,0.037,1,5
0,149,100,8,122,76,265.747,0.037,1,5
0,149,101,8,123,251,265.697,0.037,1,5
0,150,101,8,124,328,265.6085,0.037,1,5
0,151,101,8,125,167,265.5328,0.037,1,5
0,151,102,8,126,161,265.4827,0.037,1,5
0,152,102,8,127,327,265.4081,0.037,1,5
0,153,102,8,128,254,265.3104,0.037,1,5
0,153,103,8,129,75,265.2687,0.037,1,5
0,154,103,8,130,334,265.2062,0.037,1,5
0,155,103,8,131,277,265.1129,0.037,1,5
0,155,104,8,132,57,265.0619,0.037,1,5
0,156,104,8,133,333,265.0022,0.037,1,5
0,157,104,8,134,296,264.906,0.037,1,5
0,157,105,8,135,38,264.855,0.037,1,5
0,158,105,8,136,333,264.7982,0.037,1,5
0,159,105,8,137,314,264.6992,0.037,1,5
0,159,106,8,138,20,264.6482,0.037,1,5
0,160,106,8,139,334,264.5941,0.037,1,5
0,161,106,8,140,332,264.4923,0.037,1,5
0,161,107,8,141,1,264.4413,0.037,1,5
0,162,107,8,142,334,264.3901,0.037,1,5
0,163,107,8,143,334,264.2881,0.037,1,5
0,164,107,8,144,17,264.2345,0.037,1,5
0,164,108,8,145,316,264.1835,0.037,1,5
0,165,108,8,146,334,264.0841,0.037,1,5
0,166,108,8,147,36,264.0276,0.037,1,5
0,166,109,8,148,297,263.9767,0.037,1,5
0,167,109,8,149,334,263.8801,0.037,1,5
0,168,109,8,150,54,263.8208,0.037,1,5
0,168,110,8,151,280,263.7698,0.037,1,5
0,169,110,8,152,333,263.6761,0.037,1,5
0,170,110,8,153,73,263.614,0.037,1,5
0,170,111,8,154,261,263.563,0.037,1,5
0,171,111,8,155,334,263.4721,0.037,1,5
0,172,111,8,156,91,263.4071,0.037,1,5
0,172,112,8,157,242,263.3561,0.037,1,5
0,173,112,8,158,334,263.2681,0.037,1,5
0,174,112,8,159,110,263.2003,0.037,1,5
0,174,113,8,160,223,263.1493,0.037,1,5
0,175,113,8,161,334,263.0641,0.037,1,5
0,176,113,8,162,128,262.9934,0.037,1,5
0,176,114,8,163,206,262.9424,0.037,1,5
0,177,114,8,164,333,262.8601,0.037,1,5
0,178,114,8,165,147,262.7866,0.037,1,5
0,178,115,8,166,187,262.7356,0.037,1,5
0,179,115,8,167,333,262.6561,0.037,1,5
0,180,115,8,168,166,262.5797,0.037,1,5
0,180,116,8,169,168,262.5287,0.037,1,5
0,181,116,8,170,334,262.4521,0.037,1,5
0,182,116,8,171,184,262.3729,0.037,1,5
0,182,117,8,172,149,262.3219,0.037,1,5
0,183,117,8,173,334,262.248,0.037,1,5
0,184,117,8,174,203,262.1661,0.037,1,5
0,184,118,8,175,131,262.1151,0.037,1,5
0,185,118,8,176,333,262.044,0.037,1,5
0,186,118,8,177,221,261.9592,0.037,1,5
0,186,119,8,178,113,261.9082,0.037,1,5
0,187,119,8,179,333,261.84,0.037,1,5
0,188,119,8,180,240,261.7524,0.037,1,5
0,188,120,8,181,94,261.7014,0.037,1,5
0,189,120,8,182,334,261.636,0.037,1,5
0,190,120,8,183,258,261.5455,0.037,1,5
0,190,121,8,184,75,261.4945,0.037,1,5
0,191,121,8,185,334,261.432,0.037,1,5
0,192,121,8,186,277,261.3387,0.037,1,5
0,192,122,8,187,56,261.2877,0.037,1,5
0,193,122,8,188,334,261.228,0.037,1,5
0,194,122,8,189,295,261.1318,0.037,1,5
0,194,123,8,190,39,261.0808,0.037,1,5
0,195,123,8,191,333,261.024,0.037,1,5
0,196,123,8,192,317,260.9308,0.037,1,5
0,197,123,8,193,156,260.8522,0.037,1,5
0,197,124,8,194,154,260.8048,0.037,1,5
0,198,124,8,195,310,260.7339,0.037,1,5
0,199,124,8,196,310,260.6391,0.037,1,5
0,200,124,8,197,310,260.5443,0.037,1,5
0,201,124,8,198,106,260.4807,0.037,1,5
0,201,125,8,199,204,260.4333,0.037,1,5
0,202,125,8,200,310,260.3547,0.037,1,5
0,203,125,8,201,310,260.2599,0.037,1,5
0,204,125,8,202,310,260.1652,0.037,1,5
0,205,125,8,203,56,260.1092,0.037,1,5
0,205,126,8,204,254,260.0618,0.037,1,5
0,206,126,8,205,310,259.9756,0.037,1,5
0,207,126,8,206,310,259.8808,0.037,1,5
0,208,126,8,207,310,259.786,0.037,1,5
0,209,126,8,208,6,259.7377,0.037,1,5
0,209,127,8,209,304,259.6903,0.037,1,5
0,210,127,8,210,310,259.5964,0.037,1,5
0,211,127,8,211,310,259.5016,0.037,1,5
0,212,127,8,212,266,259.4136,0.037,1,5
0,212,128,8,213,44,259.3662,0.037,1,5
0,213,128,8,214,310,259.3121,0.037,1,5
0,214,128,8,215,310,259.2173,0.037,1,5
0,215,128,8,216,310,259.1225,0.037,1,5
0,216,128,8,217,216,259.0421,0.037,1,5
0,216,129,8,218,94,258.9947,0.037,1,5
0,217,129,8,219,310,258.9329,0.037,1,5
0,218,129,8,220,310,258.8381,0.037,1,5
0,219,129,8,221,310,258.7433,0.037,1,5
0,220,129,8,222,166,258.6706,0.037,1,5
0,220,130,8,223,144,258.6232,0.037,1,5
0,221,130,8,224,310,258.5538,0.037,1,5
0,222,130,8,225,310,258.459,0.037,1,5
0,223,130,8,226,310,258.3642,0.037,1,5
0,224,130,8,227,116,258.2991,0.037,1,5
0,224,131,8,228,194,258.2517,0.037,1,5
0,225,131,8,229,310,258.1746,0.037,1,5
0,226,131,8,230,310,258.0798,0.037,1,5
0,227,131,8,231,310,257.985,0.037,1,5
0,228,131,8,232,66,257.9276,0.037,1,5
0,228,132,8,233,244,257.8802,0.037,1,5
0,229,132,8,234,310,257.7955,0.037,1,5
0,230,132,8,235,310,257.7007,0.037,1,5
0,231,132,8,236,310,257.6059,0.037,1,5
0,232,132,8,237,16,257.5561,0.037,1,5
0,232,133,8,238,294,257.5087,0.037,1,5
0,233,133,8,239,310,257.4163,0.037,1,5
0,234,133,8,240,310,257.3215,0.037,1,5
0,235,133,8,241,276,257.2319,0.037,1,5
0,235,134,8,242,34,257.1845,0.037,1,5
0,236,134,8,243,310,257.132,0.037,1,5
0,237,134,8,244,310,257.0372,0.037,1,5
0,238,134,8,245,310,256.9424,0.037,1,5
0,239,134,8,246,226,256.8604,0.037,1,5
0,239,135,8,247,84,256.813,0.037,1,5
0,240,135,8,248,310,256.7528,0.037,1,5
0,241,135,8,249,310,256.658,0.037,1,5
0,242,135,8,250,321,256.5776,0.037,1,5
0,243,135,8,251,22,256.5092,0.037,1,5
0,243,136,8,252,300,256.46,0.037,1,5
0,244,136,8,253,321,256.365,0.037,1,5
0,245,136,8,254,215,256.283,0.037,1,5
0,245,137,8,255,106,256.2338,0.037,1,5
0,246,137,8,256,322,256.1685,0.037,1,5
0,247,137,8,257,321,256.0703,0.037,1,5
0,248,137,8,258,88,256.0076,0.037,1,5
0,248,138,8,259,233,255.9585,0.037,1,5
0,249,138,8,260,322,255.8737,0.037,1,5
0,250,138,8,261,282,255.7814,0.037,1,5
0,250,139,8,262,39,255.7323,0.037,1,5
0,251,139,8,263,321,255.6772,0.037,1,5
0,252,139,8,264,322,255.579,0.037,1,5
0,253,139,8,265,155,255.5061,0.037,1,5
0,253,140,8,266,166,255.457,0.037,1,5
0,254,140,8,267,322,255.3824,0.037,1,5
0,255,140,8,268,321,255.2842,0.037,1,5
0,256,140,8,269,28,255.2308,0.037,1,5
0,256,141,8,270,293,255.1817,0.037,1,5
0,257,141,8,271,322,255.0877,0.037,1,5
0,258,141,8,272,222,255.0046,0.037,1,5
0,258,142,8,273,99,254.9555,0.037,1,5
0,259,142,8,274,321,254.8912,0.037,1,5
0,260,142,8,275,322,254.7929,0.037,1,5
0,261,142,8,276,95,254.7293,0.037,1,5
0,261,143,8,277,226,254.6801,0.037,1,5
0,262,143,8,278,321,254.5964,0.037,1,5
0,263,143,8,279,289,254.5031,0.037,1,5
0,263,144,8,280,33,254.4539,0.037,1,5
0,264,144,8,281,321,254.3999,0.037,1,5
0,265,144,8,282,321,254.3016,0.037,1,5
0,266,144,8,283,162,254.2278,0.037,1,5
0,266,145,8,284,160,254.1786,0.037,1,5
0,267,145,8,285,321,254.1051,0.037,1,5
0,268,145,8,286,322,254.0069,0.037,1,5
0,269,145,8,287,34,253.9524,0.037,1,5
0,269,146,8,288,287,253.9033,0.037,1,5
0,270,146,8,289,321,253.8103,0.037,1,5
0,271,146,8,290,229,253.7262,0.037,1,5
0,271,147,8,291,93,253.6771,0.037,1,5
0,272,147,8,292,321,253.6138,0.037,1,5
0,273,147,8,293,321,253.5156,0.037,1,5
0,274,147,8,294,102,253.4509,0.037,1,5
0,274,148,8,295,220,253.4018,0.037,1,5
0,275,148,8,296,321,253.319,0.037,1,5
0,276,148,8,297,296,253.2247,0.037,1,5
0,276,149,8,298,25,253.1756,0.037,1,5
0,277,149,8,299,322,253.1225,0.037,1,5
0,278,149,8,300,321,253.0243,0.037,1,5
0,279,149,8,301,169,252.9494,0.037,1,5
0,279,150,8,302,152,252.9003,0.037,1,5
0,280,150,8,303,322,252.8278,0.037,1,5
0,281,150,8,304,321,252.7295,0.037,1,5
0,282,150,8,305,42,252.6741,0.037,1,5
0,282,151,8,306,280,252.6249,0.037,1,5
0,283,151,8,307,321,252.533,0.037,1,5
0,284,151,8,308,235,252.4479,0.037,1,5
0,284,152,8,309,86,252.3987,0.037,1,5
0,285,152,8,310,322,252.3365,0.037,1,5
0,286,152,8,311,321,252.2382,0.037,1,5
0,287,152,8,312,108,252.1725,0.037,1,5
0,287,153,8,313,213,252.1234,0.037,1,5
0,288,153,8,314,322,252.0417,0.037,1,5
0,289,153,8,315,302,251.9464,0.037,1,5
0,289,154,8,316,19,251.8972,0.037,1,5
0,290,154,8,317,316,251.8611,0.037,1,5
0,291,154,8,318,316,251.7493,0.037,1,5
0,292,154,8,319,293,251.6561,0.037,1,5
0,292,155,8,320,23,251.6077,0.037,1,5
0,293,155,8,321,316,251.5559,0.037,1,5
0,294,155,8,322,316,251.4592,0.037,1,5
0,295,155,8,323,294,251.366,0.037,1,5
0,295,156,8,324,23,251.3176,0.037,1,5
0,296,156,8,325,316,251.2658,0.037,1,5
0,297,156,8,326,316,251.1691,0.037,1,5
0,298,156,8,327,294,251.0759,0.037,1,5
0,298,157,8,328,22,251.0276,0.037,1,5
0,226,28,9,1,13,273.9695,0.037,1,5
0,227,28,9,2,51,273.9115,0.037,1,5
0,227,29,9,3,121,273.7143,0.037,1,5
0,227,30,9,4,3,273.5722,0.037,1,5
0,228,30,9,5,119,273.433,0.037,1,5
0,228,31,9,6,56,273.2329,0.037,1,5
0,229,31,9,7,66,273.0938,0.037,1,5
0,229,32,9,8,109,272.8937,0.037,1,5
0,230,32,9,9,13,272.7545,0.037,1,5
0,230,33,9,10,122,272.6008,0.037,1,5
0,230,34,9,11,40,272.4152,0.037,1,5
0,231,34,9,12,82,272.276,0.037,1,5
0,231,35,9,13,93,272.076,0.037,1,5
0,232,35,9,14,28,271.9368,0.037,1,5
0,232,36,9,15,122,271.7657,0.037,1,5
0,232,37,9,16,26,271.5975,0.037,1,5
0,233,37,9,17,96,271.4583,0.037,1,5
0,233,38,9,18,79,271.2582,0.037,1,5
0,234,38,9,19,43,271.119,0.037,1,5
0,234,39,9,20,122,270.9305,0.037,1,5
0,234,40,9,21,10,270.7798,0.037,1,5
0,235,40,9,22,111,270.6406,0.037,1,5
0,235,41,9,23,64,270.4405,0.037,1,5
0,236,41,9,24,58,270.3013,0.037,1,5
0,236,42,9,25,117,270.1013,0.037,1,5
0,237,42,9,26,5,269.9621,0.037,1,5
0,237,43,9,27,122,269.817,0.037,1,5
0,237,44,9,28,48,269.6228,0.037,1,5
0,238,44,9,29,74,269.4836,0.037,1,5
0,238,45,9,30,90,269.2773,0.037,1,5
0,239,45,9,31,58,269.1255,0.037,1,5
0,239,46,9,32,62,268.9893,0.037,1,5
0,240,46,9,33,119,268.7827,0.037,1,5
0,241,46,9,34,3,268.6431,0.037,1,5
0,241,47,9,35,116,268.5069,0.037,1,5
0,242,47,9,36,68,268.2968,0.037,1,5
0,242,48,9,37,51,268.1606,0.037,1,5
0,243,48,9,38,119,267.9658,0.037,1,5
0,244,48,9,39,14,267.8144,0.037,1,5
0,244,49,9,40,105,267.6782,0.037,1,5
0,245,49,9,41,78,267.4681,0.037,1,5
0,245,50,9,42,42,267.3319,0.037,1,5
0,246,50,9,43,119,267.1489,0.037,1,5
0,247,50,9,44,23,266.9857,0.037,1,5
0,247,51,9,45,96,266.8495,0.037,1,5
0,248,51,9,46,88,266.6394,0.037,1,5
0,248,52,9,47,31,266.5032,0.037,1,5
0,249,52,9,48,119,266.3321,0.037,1,5
0,250,52,9,49,34,266.157,0.037,1,5
0,250,53,9,50,85,266.0208,0.037,1,5
0,251,53,9,51,99,265.8107,0.037,1,5
0,251,54,9,52,20,265.6745,0.037,1,5
0,252,54,9,53,120,265.5152,0.037,1,5
0,253,54,9,54,44,265.3282,0.037,1,5
0,253,55,9,55,75,265.1921,0.037,1,5
0,254,55,9,56,109,264.982,0.037,1,5
0,254,56,9,57,10,264.8458,0.037,1,5
0,255,56,9,58,119,264.6983,0.037,1,5
0,256,56,9,59,55,264.4996,0.037,1,5
0,256,57,9,60,64,264.3634,0.037,1,5
0,257,57,9,61,119,264.1538,0.037,1,5
0,258,57,9,62,1,264.0171,0.037,1,5
0,258,58,9,63,119,263.881,0.037,1,5
0,259,58,9,64,65,263.6709,0.037,1,5
0,259,59,9,65,54,263.5347,0.037,1,5
0,260,59,9,66,119,263.3369,0.037,1,5
0,261,59,9,67,11,263.1884,0.037,1,5
0,261,60,9,68,108,263.0523,0.037,1,5
0,262,60,9,69,76,262.8422,0.037,1,5
0,262,61,9,70,43,262.706,0.037,1,5
0,263,61,9,71,119,262.5201,0.037,1,5
0,264,61,9,72,21,262.3597,0.037,1,5
0,264,62,9,73,98,262.2236,0.037,1,5
0,265,62,9,74,108,262.0107,0.037,1,5
0,266,62,9,75,19,261.842,0.037,1,5
0,266,63,9,76,87,261.7212,0.037,1,5
0,267,63,9,77,105,261.5013,0.037,1,5
0,268,63,9,78,106,261.2597,0.037,1,5
0,269,63,9,79,10,261.1281,0.037,1,5
0,269,64,9,80,96,261.0072,0.037,1,5
0,270,64,9,81,106,260.7764,0.037,1,5
0,271,64,9,82,105,260.5349,0.037,1,5
0,271,65,9,83,1,260.4141,0.037,1,5
0,272,65,9,84,106,260.2931,0.037,1,5
0,273,65,9,85,106,260.0515,0.037,1,5
0,274,65,9,86,96,259.821,0.037,1,5
0,274,66,9,87,10,259.7001,0.037,1,5
0,275,66,9,88,105,259.5682,0.037,1,5
0,276,66,9,89,106,259.3265,0.037,1,5
0,277,66,9,90,101,259.1206,0.037,1,5
0,278,66,9,91,60,258.9053,0.037,1,5
0,278,67,9,92,42,258.7895,0.037,1,5
0,279,67,9,93,101,258.6256,0.037,1,5
0,280,67,9,94,102,258.3939,0.037,1,5
0,281,67,9,95,101,258.1623,0.037,1,5
0,282,67,9,96,101,257.9306,0.037,1,5
0,283,67,9,97,102,257.6989,0.037,1,5
0,284,67,9,98,59,257.5153,0.037,1,5
0,284,68,9,99,42,257.3995,0.037,1,5
0,285,68,9,100,101,257.2356,0.037,1,5
0,286,68,9,101,102,257.0039,0.037,1,5
0,287,68,9,102,101,256.7722,0.037,1,5
0,288,68,9,103,102,256.5406,0.037,1,5
0,289,68,9,104,101,256.3089,0.037,1,5
0,290,68,9,105,59,256.1253,0.037,1,5
0,290,69,9,106,42,256.0095,0.037,1,5
0,291,69,9,107,102,255.8456,0.037,1,5
0,292,69,9,108,101,255.6139,0.037,1,5
0,293,69,9,109,101,255.3822,0.037,1,5
0,294,69,9,110,102,255.1171,0.037,1,5
0,295,69,9,111,103,254.9167,0.037,1,5
0,296,69,9,112,3,254.7949,0.037,1,5
0,296,70,9,113,100,254.6771,0.037,1,5
0,297,70,9,114,103,254.4456,0.037,1,5
0,298,70,9,115,103,254.21,0.037,1,5
